{"file_hashes":[{"block_hashes":["aYHYPrkPhfAMsDNw0nrnx+n8v727WdwfpzRuVFVGS5E="],"block_size":4096,"path":"css/content.css"},{"block_hashes":["hbV15w5VwGCgVvkU3RoLEh6hGotVylvxf4ZsbHMJa2w=","KXbjqNfhnuJ9HETdTD6Zm+6fL7knGS8jaiF8AlSyq3I=","+Bnk9N2BvGC92DCugbbHPGu084SDgaMCl3d0OL+0IiY=","24cSLbHV/P7Z5HUJi9ixdA+GcEQGV/o3rPkwABmu48A="],"block_size":4096,"path":"css/options.css"},{"block_hashes":["JeX2MC0xt9FaZ5kLc6Bv8ZQybzzM1281xusDC3gVSxE="],"block_size":4096,"path":"css/popup.css"},{"block_hashes":["oz5KNkjaBdwW9RF5XeWlx45YhjurZQdbzcFbQdG3Jaw="],"block_size":4096,"path":"fonts/formofill.woff"},{"block_hashes":["4Jjso1K4kV6J2WGY5JPDATMzCq44IjeFDdfeW9+ZkDk=","yUnkBiDEW/z4aKcnVJeqzzXpTdHl70QvhJawZJ21zhw="],"block_size":4096,"path":"html/options.html"},{"block_hashes":["uGjsGmGZYiBTPYnmoKPuFJP5wFHG66yM1oxVSlOO4vU="],"block_size":4096,"path":"html/options/_about_en.html"},{"block_hashes":["Oq20catoW5kT4fQytjjCirnyB6iVZI2ILObCoxEoM7w=","UusKFRMvXpfYjvFNvy3A2iRq8xnAnToYu9/JsVMAsWs=","CJRuOxcN9x2IH0HxfmyKmJkCgGgvLEyAaC8F4g+p9g8="],"block_size":4096,"path":"html/options/_changelog_en.html"},{"block_hashes":["fa3vvA/ruVWkhEEv5FUvsiSuPyxuRDe3jAC5A9jyaoU="],"block_size":4096,"path":"html/options/_help_en.html"},{"block_hashes":["RJayKtKuADDwG6tG8NKY/d6D9yEzcZXzYXvh/VUCvhw="],"block_size":4096,"path":"html/options/_importexport_en.html"},{"block_hashes":["s8EGPfw9eVBhhQ8fvqcjct3b11NE4VYGY4y825zbSo4="],"block_size":4096,"path":"html/options/_modaldeletetab_en.html"},{"block_hashes":["OAu5989mcvS8rZVuV2/x1j9zYjAnmDV3BP3Zdn5p6XI="],"block_size":4096,"path":"html/options/_modalimportall_en.html"},{"block_hashes":["WSESkTGhHuG5YS53UOwIF85Lg3k963kEse9MtPf+XzY="],"block_size":4096,"path":"html/options/_modalimportallencrypted_en.html"},{"block_hashes":["OyTFkulsFyOqUjPPYsP4u0vq0mpXUnaEKIboMJRiBhw="],"block_size":4096,"path":"html/options/_modalusagereport_en.html"},{"block_hashes":["ZFHlOBHu4Ch96+8mEauh/4fHoisJGg6lAGx+1/lpBq8=","xWVIo6qgpnZQKu/Tdx3VchYnqOuvkDdtt5BbhWKQ1Dg="],"block_size":4096,"path":"html/options/_settings_en.html"},{"block_hashes":["XSNZo+rpcVQ+8H9bkTyE62G+O9KBXwp2dGgWX8nf7LM="],"block_size":4096,"path":"html/options/_tutorials_en.html"},{"block_hashes":["xthPFEjkV+LAqrbDFJhMoCojiPBF/2aAyWRgGWplliQ="],"block_size":4096,"path":"html/options/help-content/_help-automaticrematch_en.html"},{"block_hashes":["Xsy+zRcn79U5bFCDtEz/sSh9nweQmHihJK1OwbK97sY="],"block_size":4096,"path":"html/options/help-content/_help-basic_en.html"},{"block_hashes":["tRvTlwimIhoTeYjHaQFxf9+VlriZ6As77mJqV1ygc88=","rcVV1eXksE/GSSD8XrH1S9xdY3er5Uxng0TR0/F++wo="],"block_size":4096,"path":"html/options/help-content/_help-before_en.html"},{"block_hashes":["n1Z3liID7TsQXH2KsNx2ivBQkWRn/ckcldSMIcxpM0s=","SCqHEc98FEFKHooOt+OjquCEOK7Z5SW9a39iP7UPDXs="],"block_size":4096,"path":"html/options/help-content/_help-beforecontext_en.html"},{"block_hashes":["0gJ2T9HMTqRHUDKHygyN/j/feNOtZYcCdf+56tbhzlM="],"block_size":4096,"path":"html/options/help-content/_help-capture_en.html"},{"block_hashes":["IbEDWrrX9QWEyGx/P00BFdbV6AcgyRjRl1IPXPEsd3k="],"block_size":4096,"path":"html/options/help-content/_help-editor_en.html"},{"block_hashes":["NstehMg/e5pYF5aXMIbjPpKqvC1ookXIkUjOumC3aus="],"block_size":4096,"path":"html/options/help-content/_help-filling_en.html"},{"block_hashes":["1Biw0RzPO+s+QLjr2EvyndyLwpnhOFwD8xpfVXH5Jho="],"block_size":4096,"path":"html/options/help-content/_help-functions_en.html"},{"block_hashes":["teWPa35TtHDBwD+0YI/U9bOH6ZdSlgYoR5hObAXNCtU="],"block_size":4096,"path":"html/options/help-content/_help-iframe_en.html"},{"block_hashes":["YpVpikJT2l2DWZWhBK0WtgdhLO+HzVl/tEB8FmR9DW0="],"block_size":4096,"path":"html/options/help-content/_help-libraries_en.html"},{"block_hashes":["+Z/5s9SmBqXeHClOZFB+0Olyy/AwJnSyIg+cjq4aC64="],"block_size":4096,"path":"html/options/help-content/_help-ownlibraries_en.html"},{"block_hashes":["LHoBtKSFHrsUgBKxl4ApBtUi6ezBmTP9qWbhIKdIpjg="],"block_size":4096,"path":"html/options/help-content/_help-screenshot_en.html"},{"block_hashes":["YuEScIPumpe0usniRtYUImjRL3SNKlN00DIG1ZkuaNQ="],"block_size":4096,"path":"html/options/help-content/_help-settingsremoterules_en.html"},{"block_hashes":["5ns0CJ0FEAYUU6Dc+gdT/5//cIQkOl67mE7aM9JJQ/E="],"block_size":4096,"path":"html/options/help-content/_help-setupcontent_en.html"},{"block_hashes":["haPSDyaDfpXiMVpIgVwXiu0SzaBPJreEAF0mXdAAgFE="],"block_size":4096,"path":"html/options/help-content/_help-sharedrules_en.html"},{"block_hashes":["gCnBQXFZr9yl7WjiaMP5COi1P4nHV5YohrJJ6b8NlKA="],"block_size":4096,"path":"html/options/help-content/_help-workflows_en.html"},{"block_hashes":["ygMeKujO1ne9MuLujczg0PWqnVMFD+ljiY7JRHy6I5U="],"block_size":4096,"path":"html/options/tutorial/_tour10_en.html"},{"block_hashes":["a521ESOysEtkQaaW99IhfOY2zooWwCSSMEyhz6O21xw="],"block_size":4096,"path":"html/options/tutorial/_tour11_en.html"},{"block_hashes":["+LjrgX2OqmTCLmwqLRiNAoy6N17rsCqGXD+vStjiSCY="],"block_size":4096,"path":"html/options/tutorial/_tour12_en.html"},{"block_hashes":["F7I2safVmxe76gXeQjt0Yl8wG9sOFVwKoWmZspixVP8="],"block_size":4096,"path":"html/options/tutorial/_tour13_en.html"},{"block_hashes":["lCE3iWT+SD8OeOzK6SIqN1/sLSb1gBewtgQTqZxFuX8="],"block_size":4096,"path":"html/options/tutorial/_tour1_en.html"},{"block_hashes":["Z1D9aif4zia+zWSqhlrSyARmcEGZMiFX8bj1la9cbJk="],"block_size":4096,"path":"html/options/tutorial/_tour2_en.html"},{"block_hashes":["M3xlq2X+/BymB57GKr1qRxiedIjmDf2CS3paQdLBRLc="],"block_size":4096,"path":"html/options/tutorial/_tour3_en.html"},{"block_hashes":["oiQCRjNwhUbLPqT26RFmSAe49Wu7Utkrqt5v4wJAa2Q="],"block_size":4096,"path":"html/options/tutorial/_tour4_en.html"},{"block_hashes":["v/5qJ/okIyyys0Bs5aHkBE4QsFlcBGKCVXIDl4jTXa0="],"block_size":4096,"path":"html/options/tutorial/_tour5_en.html"},{"block_hashes":["thSOnLVr3ZStl3sufkCyxN/YGMJhRhJvfjXRVcgXS+I="],"block_size":4096,"path":"html/options/tutorial/_tour6_en.html"},{"block_hashes":["byrfbWkujRygnfz6e/3w08XgU8DKmx5pcgFDvrEVD9Y="],"block_size":4096,"path":"html/options/tutorial/_tour7_en.html"},{"block_hashes":["geBzrrA5VZS9MffKX0BbHVOdjAOGjFdbekg2H6ZbFKY=","2d/FUMoH0cqhdWLzupKkJ5tP55i6CjvTXpzSWzzjQYk="],"block_size":4096,"path":"html/options/tutorial/_tour8_en.html"},{"block_hashes":["39lDPckOOiLjokh8g+9rJkOYUTrLButjJbFhd4cifmQ="],"block_size":4096,"path":"html/options/tutorial/_tour9_en.html"},{"block_hashes":["hBnlFpZPWFOJl0y0lsG9ejQQXTSmgWnnxczJlxmlPEk="],"block_size":4096,"path":"html/popup.html"},{"block_hashes":["4ZqNDqMStZTg6CsKjEUEq41kcpnMvtICY7hYnxDOLPg="],"block_size":4096,"path":"images/help/button-no-match.png"},{"block_hashes":["7spFH4u5Vlzv/q5W9IcIDKSCdUJ4zDXteah31HAxxxU="],"block_size":4096,"path":"images/help/extension-rematch.png"},{"block_hashes":["AuFbbhGz/qhnBBQx0LCsJYCKYb6zWVAPgaZCBsWK390=","LnwP1eBs6FIAf7O6NrXJ2PMNCe1F8oooIHtXpbkBtV8=","DJv62DRC4do6OzVnvxf3U8Q9d5zQD80QrAEmncjSeE4=","PxuRjUnrEM1eBCL1EwC0qP4F1Xb7GkGLOMk9vuJBfH8="],"block_size":4096,"path":"images/help/form-extract-finished-notification.png"},{"block_hashes":["GDZvGz7AG8nhiXCPQh1VeKv4jRCJBjEIbK8cYyfdpd4=","PN0zxYISBvvRDl3aVHs2MN+yCD+8n9Q9VMpMYZ7dC9I="],"block_size":4096,"path":"images/help/form-extract-notification.png"},{"block_hashes":["sEgyTGjwMWtROzdtBPmQVJOhdj5TOWO/7Evi/lvCtaE=","E0img0wLhDMFgHNQTR02QJlABM8nWReesXGe9aUgJd4="],"block_size":4096,"path":"images/help/form-extract-overlay.png"},{"block_hashes":["996Cx/z7zNU4VkxkRYaT/raW4gTGuiTp4EUtAU/4l40=","BDg9WZNeO9SXuevF/5Ebj+X25POHESjoKOte4Du4guE=","HpdiQTnCmHPLNbvuBctan23ooqcY4+Su8ba+jOvn2OA="],"block_size":4096,"path":"images/help/form-filling-error-notification.png"},{"block_hashes":["fVtX5KyF9PU4sZD0etVKaq8idV7J//GELb6OiKEuIIo="],"block_size":4096,"path":"images/help/form-filling-one-match.png"},{"block_hashes":["eZ5OzY1eipj33s3slKEhkZis/beqWkXegrMpzJkiLV0=","qHGJR70kyGKQijMTid/XxqGGx6gtGKAeU3KaqhH1iG8=","Y2JkVnwhUARt45ph68wuyZF+XT33jgqhOOEs/kKQlmE=","eS5V1c9JAJQP+/7+h0EOs25cEp/71nQ/V9+2ZfkoiDg="],"block_size":4096,"path":"images/help/form-filling-select-rule.png"},{"block_hashes":["ElTwtypSLvQ9agdyCynm+4oQ4aGmnM1CZEhHlhzbIAw="],"block_size":4096,"path":"images/help/popup-rematch.png"},{"block_hashes":["B/rE4dc/ui3dEi+ZfDm5nUO1uPYmSsTf/SxBUl1+3KM=","PfwgneSFHzIjzoj8wCzhk40N42E75C/pgeYPKWXz6Pg=","HduZqPCEAIbx0sMjIktmuGTuQuNPOl9JfPo6vVck8KE=","LAGUqqwEVDA4E0mQUnyCUyiETFFDm74UhNfmxrW8nys=","K/5k0CZWLknxL/YFGyXyqNqqIqhLDzWbFceCNU+e7a4="],"block_size":4096,"path":"images/help/remote-rules-popup.png"},{"block_hashes":["ce9hK/Qx5wf7vIOgzPgvSmSU9abRl1ZUmJWhd6yXyLE=","7TEH227zx0wSG5Ur1TdYPq6sp35gt71aOVL57BYUt4c=","z6K6WNvlKM5IQ3Gc+q8q4lddYId2lvUG8dg95PwI97s=","khBmKnL0DYzaCuQztX36hNAOGUCHsBy8d5Al/ZHqhY4=","2d4jNRrqVJ2Sd89TCs8E6d+BOPw6oaWvcKkrUo2C/h0="],"block_size":4096,"path":"images/help/workflow-in-popup.png"},{"block_hashes":["xJQD1jGi/U0lNr1nbp4Yr7sFAY8uWIfkoP1wux7/H28="],"block_size":4096,"path":"images/icon_19_working.png"},{"block_hashes":["aQpmbU3+u2S69cxkanOaYLlYU+ConOwXykHCzDJmmuM=","pWrmVnSzIrZyX3pUVh9UsK/Yb3Q2k1NdX7zNwxzaPGI="],"block_size":4096,"path":"images/icon_250.png"},{"block_hashes":["v6TDgUZvgP0jpDpzxjA0t3Jb3FP340Vl3kt84I107Wg=","exa4QD6ZOQrtifBdxwhGC6eOf1zZlNVq3JihLo33Pxs=","ZQlmn1wEgQXgyqDytrEUjVRK+jUcIFRJzjwJdjyZg+I=","+n55djFWzwd5IVBg109lD1FXylCOrThEjy3ubGrlYeA=","0Jtfuv6aEMYhcsJWHyE0dnZ36skmX6eALnu3k24sb4Q=","HUmtR+3bXvtHnzLDUaVKwm5xMhXChisvB/HQYOk677I=","LEpOOuOFHaeMSRDjTgleIh+lFinf/t4aTILNnN9R1aM="],"block_size":4096,"path":"images/options/thenoseman.png"},{"block_hashes":["LswTX8M7BCZGICtlk8vrdX4E7+/VteGMLunEk4gZ5Lo=","czl2bNzUNfml9WaLtncI0npDqqtd/a/jeiHzs6EWk2I=","vmHAM6tzgDdsadOMQN1SPa3dtii77/LAGIQ28YLDHjQ=","86G5XGRqTW0jQL2LjIRMaKhIVObj9FmI/tb7O27eRYk=","Xm1u/9U3HPjle8yysOB3vIvQoL8qqNreVxSUzLmaznM=","lWsx4bp1wKydWNpArYB57vpQhBK7zU09jbJdlTEXYtg=","0+FTM1lj+kNBw2HJEqAlE0uUAnPThz/BH3wkC0CrjnI="],"block_size":4096,"path":"js/background.js"},{"block_hashes":["MbUZEly0eS3w6L5vnlxBqA/z3F3BX2HIY8kfKxKPkNs=","HWNyTCnJuvCL9dY2CkS7K7b+klGDRg+nzbndSvx7Lmk=","0CRjFg5M5j3FaTssbmAza3p0+MeeQ6IIrsq3vKyRbJM=","/+59wQlnwtlgkGGIDZPbCdQ8UAamkDYgJ68vHpQBDxM="],"block_size":4096,"path":"js/content.js"},{"block_hashes":["CPGNGreFhMzHKIKY2oFz4SthksMDz98+WQPQM7KCRa0=","QyIo0GE29PQwNaWkzsNMPZsdZ+4/q76anNlRToQh0Jg=","hOxkdiJbeU761uHJl8A1B1A5Bv1z3qbsaXr+MDYRasM=","58Gq/QmlgXcykCGOYz7YVw8ldo5QzL/MbA+u68bVxV0="],"block_size":4096,"path":"js/global.js"},{"block_hashes":["v278IurT5Zf51XX3oVSSL3sEYSBCpnROSt4NFSwosJE=","n+POMJqfWWsaUwGvhxyQDVIqGm5I9ZiQIdUanOvD4FU=","r6CgyG98obh5NgtpsE1TK9LGFuLZ9fProj1bW6rjxtM=","8YTkOryKspFxgWVW8RRihTZAeMDLxnxGQiFqeP9Ahuw=","Rj0p7EbHejYe3op+b+gKeVjCq661KT3h8xoRUm6f9AM=","7cSvdV5QSSzQXnWC5oXMT/iTvIQ74gpAIQq+TNbl2Tc=","oMKs/M4vGmV486f6+0eIn4B6S1vdHQ5EANdiFs2bqXw=","BPF8CXElWhd+4X0B2BwKVnCIfb69iELqJ3X5747vfto=","JPwNwclhHk17qKTuHLR9NztpKi8e+h3H2YtJQua71Gk=","BIazqixGH8g1WEnW6Y35Zg4DK5cpPp39bV3nm6eCTXQ=","k+N4emcAB0CFYIj+oAFXacp2locgcflyFG27gBIhjxI=","ESkSJVv8dl2XC4SdpAqtSmTWQ8BAb1VEDuBDwSx6+cg=","I1SO6HRHSRUoOPrqJKZxmDhd6wvF+7+tuqX4lphLFxg="],"block_size":4096,"path":"js/options.js"},{"block_hashes":["DZ+yG8kGpzFZMF0ncPjG74CpTXFNwZpnWW2dXQV1rac="],"block_size":4096,"path":"js/popup.js"},{"block_hashes":["XHvhQq4Lzir9+qzAsFwuQguCyRQylyx5dM4+PlkTxCs=","UBgWCmSu7SYN4vR2WDIPZlN8iNab6SFWpx0TXKxZH8o=","Ja1pMJcq19hUJtPGJ4de2tes7usE5ZDlV4xRDBvPAZ4=","aVO9Vx2LoGVyZzYpVtF1qDGGM5xizy9NGt5lGeKiQRk=","FtSq6vYyhzyXWVb+v/A7OIhYzO6jWB5tJ6opYx/CWXI=","hAXL76kw2VUBTh+N8Pl4YWbu7/JCrvApUnZscN4R2wI=","tK3AjF5H9fotgGyyvd+o030lp3kSnSqj1WOBCY4zt9k=","WNyWQpmiux55raOCNirYZ3AA5/cW+I8Zwom4sSU4QOc=","hp8evnRZlQv7PYXH/Ql7aDH8WPPeXrW57FEkgjGBE9Q=","A7TmI/vQrriu4THCuMntat4JshI9Ox+MgCD1Az+k6cM=","md2UnN8S/j3+q/zXizjx2hHfznMukI3BPjjdQ9gC+98=","WlUrbnDK5KZAMUPsHzHInhMjMQU197drF+lg5gJsxOE=","ykpx1TqtdFM7rYWuya+09M2JExZJkmRY5jRWH+7inD8=","WpHtrnWf9p7NelEYWm/e76f8OnjHA5B5Fxz7vEeRcRk=","fmNRw17Lk3pNHSh0t3wcGE7U99+wNbesRHrthitcMjU=","UEwltniZhAQsy/Jc7bcv9OXvmwzeA39hR/11f9NMK0Y=","6GsRt79kD4o+giMtSu/iHAhELeWEg/GXXm+gH1ionLU=","TQTjFCuBu7lhYk1aFuFA6sDmiPowMfG59ZWnrEoHJbo=","MsG0U7CQVXhQ+aOvOFBKB4wSpbAYpPj6PJFHmxlJUO8=","aQpYvd5qhPkHXLCKn2hMrIUgu2AYrFFHMmy4r0+F5Ws=","Ks4G2Nx6DI4jlaB8JcQ7ItpPsDNOZW2WO16xYggMZPI=","/7E2w3XH8Zyx2C7/kYEeB1vkMVgf9fK5IABpnf2PCGI=","BwfpryhCGH6wp5UWyawW/K2LNS9mtCVETLtepMOPL74=","nQw9IVMskFLOnjAi2B02mNj3i/6FvmO/iq1PFA6ONF8=","qUPSxEpn4g8HhU4W7b8MNms13Zcbbxamh+DzlSC+EoU=","uc54hGkAbGnzI/N2Lsvbaejjklk9LCBfObwiC9NiR7U=","NLMoFUPYGEkXkm3zF42d+XWT/ucgzr/dqbnCbsyeWco=","DGNGNryTUMEO0OtvzdLVcpkFWnOMBwwxhOqf42390ss=","lM4iwwOE9MwkGZYGSeJI5WNV43mPE3wV/ENIUrYToBw=","SJUYQJsifUpxHYFcSYCa0dXyMdjfcjXBu8Zjs7bpp6g=","7IzaqpErLb9LcjurtWOX8M7KpP/YwPZX9W9dFZF1PgM=","3fQqMLTcJPzWS+o5Tw0bujkO3Xon6O33bPvPKEL5t1M=","nTeADzpkxnz8LAQDCgAwP2pGt8CHvshssCMPr8e1yF0=","ZZW/WhB2VmxvGnOW/3bgrjQoIUz/Iz26fpSQGenHxe8=","MqF8y07vUdxy0COnlutgm8RTg991tLCHuyom76WnbM8=","DCzNoY9oVvgOPIEO8MEJCYxux32NpPpuXE3A7oo25D0=","owR7FzbDTNpXiKflLTtlk9DZJbZ+qE/o4V58UD1if+M=","HW7xuOafcJTITYdNvEbzMC6Q5k5PYBVTVegDcqjdDBI=","gajiECkQU4u4Tq/0+/5zaTEDxpLXD+8jF1GfgDx9w7o=","HczF2SzIsn3oX2swhd6JEsTfc1r1bfPlIuwOGY4bEaU=","pyCzXy6NwLjJ2oGlgVleyO75EIhSkmrfB4V+xwlCi2M=","0Gsowh8WJcCU/9imQ3p5ci84RPzpd4fTyNst3RcOO9c=","q/pktqGOTZlU6PflwELO0uQC2dutFlz/3X5YXwJvEAQ=","LXIrMmTqK8ehJ/H7cStqb+mchmVXJwhteUWiH2Wlgco=","YMURNWyOv0lz0+mPtMf9lUf0nw6ZkRYo1YE0SQrV1lY=","g/XyfzJPffIR/Y0XUNVRV6oH2JRfl/D0HQ8ygUo9Eg8=","ITKlPsyD9AeQCjHWX4oJ+4va5CD15z5lAPHli5+6VXY=","h8TBCj6O08LswBY1htgowVIzGodGbBz2J3g9Hq5GxSY=","EEozpCfNOkrXvSdWM8c83Mp8wkPgK3v4SGB9sPYfjFE=","MVqgtGeLSXZJZJ4gPwaqTJjNKa0wR/RhzrLWcL9xMm4=","2LDQSMVO2u3BwMdnqjAwnNU1QkK/cQwLKTLy/17Digs=","cnyAQWrjXKhP+suTS/1ECtANhRSah+YDcu09v2cv2jU=","CQxXxnWYEHAJ5bJQQt3jPDvgdTw2YzlE+XR8brbvo4Y=","dDUsD7mOCiQRHvXFBtjChS5qD0C3450/9nq3RE+xCvM=","51qmtALf2fJ30U+pHdW8fcVKZOZKV8ihhuQE3BrItGU=","Lw7pott4i/PRvG4vvMmSfGyX1+iJgSjFHRiApb/W9ko=","npBiS3XCtknUsgA65789rO2M7U9evguAbSsceYJ4O4A=","29Sqx1xwLyQA56QUMGELEi7TUNzfX3CrZ4TCbr6pu+M=","Bw6Grw2DTJElj+PPDn0VBlxT7Zgqtl7rzknlVxtEA10=","qiUS5JLPD6XnI+ezqKz46vo4Xoudx2aG8GCzzS0vjJ8=","Ay0pi/HbqvFu2dg2tGQ1B9g6Fjzprq7Kez6F5SFJZTQ=","cDRgVWawocZ55m5kaetZxcUGQe7V0LBD72l6gy4NsL4=","39mMl4W1WgJWcT/OPQSkEK01mjPVljmoDT0DPOb6/DA=","qHtNlQFbzWPik4PpY19D/BCXEJAcQf36r8/SznVGi9Q=","4wx1NaN7KDwORrrEMIeVfbjCHV+6TTmYyyk44k7ZFJY=","arKtm4Oukc9CSIdHZfas2clgVRcRBC/7TqqXIZe/MEY=","cpJISdvnspJsrSD64trr9HZg2ePkQV7Yf+68s5oXq1c=","ugDIY57FwUc8Mvlin16dVmUBRMy/32iyUTHcidtUTSg=","0JSdVrvLf5/rlZkhh8HKc2hW47yGi+/3Lneq8rU1AUg=","dw3dO6i9W0N9ARCcYWnmlPy9xEwnDne3IqU8dV4CijA=","K5zj4STgefWWsm28FWjMJ3XZe+ZbQWHdJUPscVG7njU=","CDLTyRA2f9OqNlj/wLUSy1CJGxtdrmKX9y7oZ4lEzFQ=","QmPJP4OoWbD3vFgIEe1IeT4BisUMxGNDTqec//DSjdw=","Ur0+JHwapFvLxHpc5Ie6zhyWKasJlQUEchEE+KxxaGM=","OAq52duKVeE8+Q1DQ+ZPfWZ6jdTIaBwphWqn0nGakAI=","b6p7QSV5Pqtw7rPu6P9JMBmveBVcR5nqmHUhbEPHwtw=","uilcSH2cfzqaE1gw5Z1sXD1GeO3xkapXLyEwdRz9mtc=","kCGsL8uQJ32XIxxd157y+Ke4vTDpVR/dfya6RJCKG1w=","0MoQD5OruqsdZcR2AkC5WpxvTajRJE70l3V6q7ck4lg=","7qIlV2vuQoaahIfQZbs8SQwWpZVg/f5ul63HzJK//B0=","NJRqlae6dBFsB2+irOXisyL0qaXkj5+e+GA9Srb4fjU=","RgKxd8nt7KbSJbyljP5Sid4Zx8X6e8Le/119LiLr+Ts=","rzvCXzJVXz+snfmNffzgGgkrhSFxSMM/CmmrB0os5No=","zrUZuUvPhVJYfFwabqKt3rJy8fkDq0UCwFZAZ5AEEz4=","2NFw/aFTNXMZnXZeE/pIPRcRhisrg3NXoWdbDZ9X/H4=","4JFZxjOxEpNNaB8QWl6ZFry6F+GBrYA4jrXzCcctRKw=","BhMAgD4cayjqR0/vWkK3Vx8uiUCzHAUGtlc2/jLxXJA="],"block_size":4096,"path":"vendor/ace/ace.js"},{"block_hashes":["pCuxGs/jgd2s70d463Ol0Fa6RvzuYG29RFtHLd92weI=","DT7LLrD+zuylDatD1mZKjFZ8n5QNq8+ByHEW4pcw0og=","OENQu76cuDHdWhbcLbEUJZ1geiY6BolPYjt4gfjEf28=","uBBcGHjJsj5/JBIdwupw0ph5YpLbNM6OdHFZkc2b11k=","98aTzXineZEDygBzzTV4vpFnqJPPPpmhCTtxt7TTe6E=","1TlUkagwfuGIfyFHf/NZ/shmOCIohtu/dekxqn4Au2M=","cmPa4zSA0LRcTC8cavkSdjlv0y/Lw1FQae3jUxiCbX8=","80/TxunFX+nkmVpaEvX1lQFvMUap2kN2/y/Zmgm7rdU=","UxcH96MHnX4Jm0n07N3fzn5eAQc/08mHozJqVF6Z5ZU="],"block_size":4096,"path":"vendor/ace/ext-language_tools.js"},{"block_hashes":["XEDxuCBUEfT0Q7yMQhfQCPvR43hY6RFKGJ58vexQRI4=","ctEkHmpayl0n358+EURP5wy1GEO2m8wu6eGztsVzG5o=","UzkeEd9dw4x3J29lGC6YpoavZrpjj3eLfE4XxI2DSYw=","p9TY0qkQ3f3qZppVkZrcDUysjePbWRzDxphKsdgacFQ=","Zo8pB/yppM3CoPUo9aEbPbXBXl1yp+bpcwKcIC6xusw="],"block_size":4096,"path":"vendor/ace/mode-javascript.js"},{"block_hashes":["DcH3qD1UsC4QKkSChlOPaJT/6zncWgL2Z3iNcpEnxZk="],"block_size":4096,"path":"vendor/ace/theme-clouds.js"},{"block_hashes":["XLjR/nrOZPvt/LFL8v+Be2qgVzPk97T7AakGa8cfG5c=","7VZUdf3SNOyRlP+8+uyFxAC9rdvSnRpny4vJ1utnaZE=","Z1YApHNB00AJy3Q1iTETXlsRGzB8T3a4TY/b32ZNqWY=","F+4vepjrer03VqW5Y05fc7w9FOssUHmLKR6oRXB8vtM=","0r5w5I/NQvhgg7TU1NhZJko2V3lDpRzxyvnCl/KP9dI=","OsDo0eTxpHfBI6o2XbBXw0oKOGd9CO6uVvW4U2exVF4=","2z0jeoGEN+XZdXJ6wsyLj51GX298OnMnYbOof8MOYSY=","fV1p/lXk3E9vj8havzvEblm48Kq1Xz3UfoGmXi612nw=","cWDf/+nO6yxBM2kYRO3t/ccrnZCfx3/sE59zcFKJYgo=","0yFcE+6MIMgNhH44M8TwIKgjVGsrvwWUtnSa+nOuPHk=","VOFk5DaOY6yxzudMIcgQPDdx8GJnIsv0CMxz+N5BXmw=","GhZOpVhGiIkI8csblsslUY+Cma+/cSKUlB7ZICQfqkk=","7nAK+ZtxQ04hcr1hSGGGTDqCyQI08jm7l7NS82IgC8I=","GBVV1bRUQnCJwSdAckQsFruXO5sQuah/5sb8Hp4jn0c=","zZ1GodnGyw+YjOEn4VBDsl5HwU/2Usz84E3f8r1Fz6k=","t5LDkmGqEYcgcnRp+hMyvlgOS3cGrZgcxgrq4lnNyGQ=","sZbE7q2ocI5kkV8kxyTTW8gVbANplNR1PT4lTn1Hd5Q=","v6hZQ4a9rthUJ0p/wL9KQ0qm9U3FL0znn01+fqZtuAk=","HkkYms4eNwuNfiiHa3teXFupysTlNbYsGtKHRWEMukA=","Xqkv2EjDX65U2LD/PmH5Llz4He3YMhieLCck1M6nmlw=","jRQQzsgenmAM36tZSsKqZ9UvxV1JrHwVMctq4ldMaZM=","UmMHWFKKQyTkQeRmN6HrjYBJjA6JYDtkPE5/UuXSLD0=","zq7MZUE3iYseVruF5tXlKXG1sBgsOol6Ea4NW7q80Mk=","of65/kNWaE0q35cGqz0ewsyMf/5noBLG3o885wM6z3k=","QhMcMU2bo7J+IwEiEYWNQOpv/ghEk7NWLwdAsH2Doi4=","wY8bdq1OwTnxs++kNTYwyabeUIn8cI98HrGYmFABrsg=","KlK+h0D2wkAC3TsP+uEToX4DiRQJIoyu9yLajEHtfuo=","nGVzmOe4TLtiuxKzFgzVr9yABBmE9Vx1dGkqICNAMYk=","g6ocbGM91gBQitm6yGB3YPT2LmK4KMvUIW2sgIcs1WA=","LoZI3oJAX1k2MRgAol7rbrlquc38e2U+57hEAX5P+lU=","fw0MiXlm3RIW1NL4MdcnW7prMXFMJYE/eCsXH7PtAvc=","ACKWwS87z0rd/pAe5fpL9Jc5UHsqvHcQYnAsM1bTcU0=","Cat4be+xzGSl6RJpu1/Brq5w93pVJJSxZHisrek+/bI=","pVgEvtFYlprrduf4FetpSTu8J7YxgrfjmKFHs1kEeuo=","aAJKGp6JG1VmjnGhzfmXx1Out0gGdz1iX38VTeX4FRQ=","TP/buCkMqT3Ifssyu4W4ifREYEALrbmN4iJSwgb30WQ=","MvqD0O5mgZvDn6AAmrlzc96DYmPfb5CEHCdbZryahgI=","NecOPNAtgbaZq4f7oKgmlSui1Em3Lx1qYUddcGiW8K4=","f8zyWKtKzeEEXIQFmHBllou8fLg+OUOX4EtI22QaKgY=","IHm4xCrxlUktk6MZJipK+o3mKg040Q5GBoZDuZZxRJk=","P27P9GRSs/l9E7yvr5i5jbBeRaFcIeoWGrasoAvDxOE="],"block_size":4096,"path":"vendor/ace/worker-javascript.js"},{"block_hashes":["8M5ySdIfpuALWwQTZqQvTKzQKmysGK76DCDcLJMW22Q=","5VazDKd6jvRPTfs3ZkImGBf1ejlKafPMJB9mfUJTABg=","rhLftuziBYBrx46+qnVmkfgec2/phTj1nOiobnddNgE=","5EaDVrVJoQubYcI6MsdmU02ncjpnANW9Y9KEekRLMGQ=","KPpabCpL1bkDGmZCKoLEeq/HU/sF19rvAuVid8wuMr8=","pJZvy6UXaPruCzieFA70X3bNr+OZY2gcAQN1yc9MrOk=","IFti/hlagDDm1eCP2bH77soD9BIxARBBJwrzTbapEJk=","piJXjVgTVZ9ZQi3gcVJF6+HltcnwWMz6VOIxwj4Hsqg=","LheSUqIGBG6szJ5MwzyM8hDCcfBFCXqMkzR0mqHvTbg=","1iblkgYa3U/6REduIHxBePxEkbdre1fV8k1PA0sDrXo=","E7FoQML2ypsNSE8UOyQwJjmPP9Y9Nsn1TcleW2s5MOg=","YIj1ySjJL0MNBE0WYu+gBjFwihlcS0PQuJi/JpL6iYQ=","WPtl6xr3zDOkhjFEQtu6qmcQ6o2C1qGyo8+3fzS0JM4=","x7fbKjafCELBh6/Wjuh/GwsXyJSzuY+5MkuIsYLoC8s=","jX41bP1w1KuMZhB5Mxtpyor7fVJBWe4KqLNdco8QFr4=","TMVd7ktRchZi8z0Z06Rt7Ieiwz+YxNvoPz2vAbgVrls="],"block_size":4096,"path":"vendor/chance.js/chance.js"},{"block_hashes":["Y0epQjH7DfgeObH5e0oe/88imSGLv3yGnmyxlv05kKk=","TRuCpjv8C0wiiPlAY5+70JKXrIDBvxKMHSJvley90Qg=","kBsl0ZCiFVsfiWykzCwzLHD75Ngz+u6wK/GuVVnzaMA=","Ej010Uut4+ocS/+S0V341psiM4Jq54GRLmTmLJd/Iwg=","7dgJ7fNFPcdPnUItHSdFlgWkypd26ti+xDE+3/5oR8Y="],"block_size":4096,"path":"vendor/chrome-bootstrap/chrome-bootstrap.css"},{"block_hashes":["OgNuNlA9NjU6DA5v8woeUdNIHluFxMipbSIzYru9iRA="],"block_size":4096,"path":"vendor/html5sortable/html.sortable.min.js"},{"block_hashes":["/l1mBcnBXecJsaXrUq9CkBsiFc1y44/CyI2dozEVmP4=","rnRoOf4no8EpWez67alshiv63wrRy3PXFt2w6ODHGN8=","Qpu+qRGNhc2TPAd5w/zntuhiXnorWCvvZiFyFokHPeY=","+VF1KaU/GBdYlqT69cf5DbZRRTYXIM6szcixsK4tBww=","B4h7RgdAtW8ZSZQmWM56wPBvDnEmXMOUMX7OppaUcBc="],"block_size":4096,"path":"vendor/intro.js/intro.min.js"},{"block_hashes":["LehXwNi/0i5N5Zjcq6tZjTSzbZ6R+pNeS9vGirGm8JA=","s6QKf5rU4l/AUVYDxN/uk0nZho34qu2MJUeCe/MXhjo="],"block_size":4096,"path":"vendor/intro.js/introjs.min.css"},{"block_hashes":["wi7QOt1wbve3N+8sc61QOegEV+IdWi3m7NgZLlJGRXg=","JProJv3eJ32VVzGiBBGkbED8mHDids8WlbkUdIoF9yo=","KYybAFRYBTe4lezu1WMoGN6cEhapSI/vyshVqtQ/5AM=","OaRGYIF5gfz8vk3h4qeMoSXY3ozhdaR5Sr2UnRqWdFg=","xdDgGSYlJZ2VLI3YxWNzNb38hrrdWz4gwroUvqL5K/M=","kVt165ap/GzBHyFR8R6Ohej4bplSUhPbhoAdv40bFbo=","eccauTk0yb99WX35haQdsuulCnL+DEk/tpuC3YcujLI=","fTmUUIY481zWRsdAvodE0UGm9r8rKoAGd7MIrMnaCfU=","DVkhAHoLSczLV9cpXizdmK3hsWTipP2YYPAohO7HLtw=","nZSJrKpNuExw6ua/ziCoMRycnDKtqwIbMEvh1Gu+xso=","M8NkJe2C0fK5B4WbA2VsXNv780JF1XBZ5O8s8/txwhY=","cmS4HA671L7rCnkn6+DRDETveHyIpsNCZwuQ02JTbok=","XNPE+JMQN1h6jq7LwR4ywbqmk3bUZi1GU+QjAylQ/XU=","m2mfBIbNME6TBpSHm02LTDY6TwVc3os3Dp4VOA3YGDI=","l5wKue0uGwGWLj0S6pjJvcFHwaKLzSJP1ZHhNJqYAk0=","uhVJko/aF94o9z0ute6KQh4cU/W+9RyRSrwCjNmZGSI=","0VcRirrwkmCAXiS9W8HRNgjq3v/1ra+9AaMjEUns/Lo=","T/6NG14B4xCK7MTPFT5zUr4hFFow7HjG034eEc3JfSY=","AMaUWw6Ir4gdzkliBhq/Ojm2jJvduZJhXe8boBusDYI=","xuXmarbMcltLalIGb3cc0pIC8DWrP/FKtpl9wDQ0duc=","k4Zaj35Dhv/WLcasmH+b61B6Gu4V/HyG1Vepn+e2+7k=","erkgVsLVfvLk9KWX4Do90F+jGt7sT/19/yqqHXWPR3g="],"block_size":4096,"path":"vendor/jquery/jquery-3.1.1.min.js"},{"block_hashes":["4mJPJmndxPPfor2n6HgNY47BgSeWusxDSzGu91El7sE=","uroOLG/ivomqp9TxAaNCg84meENF2k9E98UqRXpodfc=","Cgp4H8cnDMESqGQJZg7589R5hsCgdHuBbTEyyUG/mJE=","qhDD26R0tD4sUgN3C/ju3k8VZrRv0GpopanINU+iphM=","hfCGEISjZbMm5uXzTYIzGoZ99WKoXOyGDYT6oGL2uQ0=","kL6EV1cHEVIomsxPXkJln5xlFpjNn1i/Nk/R6irJMYs=","plL3FoShutu1XZX8Q719jIhyeNWOVIwb6x4qNvSQqB8=","vKw9hnsoo9IXXnPBrEdNinwv9BkgE0RquA/h+rYMd70=","+PjjINNPm7xVsIc9n8JhDeOCZEHF7kzuWIC3NzdvZzs=","+08Va8/ENFf2V92Y1yFPYKMRCuDgTfyTt9I4icpZ7O0=","uV896XXvixrNjBAmyvX6yrYjD8p1NygYLKjY4pV8Tk8=","b9EPfLlVFLzNrw8k/hvrmqzstSsSe1vlce2DgzUUZx0=","SK9gvmlgMXl4yqfRZ6EKoTSGKKwoLdn1jNPfc1AUlz8=","I5DofF49xgbSn0Svdd2zscesPLnlAgfsD3lUpeRKqow=","i/llgJT8rGw3I7I7r9/jqEJ4TIEspcKk0u7vN5wBIZk=","scnYVPiF8zKltXolLWa3oKN5aPldf6jMNhvmIOKbegk=","uLYaedqW/Lxti6Wy2mpuH99YTVVwfJHBUrMOUW/TitQ=","jF/UyIAuH5INaYTmNxe2lNbcI20/RIHPjWwuNLZY+xo=","HqevXmOhVH5YbWmncAWTOrSKAgEaIOydHdIaEOVq1KE="],"block_size":4096,"path":"vendor/js-beautifier/beautify.js"},{"block_hashes":["YLjHy6IE+yvmkiwb1n7rP2RcbUWrP1E1qVY4n05hIGg=","Cww2k/DDZjMQ647iN4glqHHPwM9zUkE0zDWOWnvSYxE=","kKJNBuQeUewxAgiHP6rTXri6RzMF/Sd0vh08aH+lto4=","0rscgCfeKCweMk7kuYf0tuVNBotlVKV6VIYWStBH4kI=","eFX2QxYCxS9+EiULViCaIRHmZWDFuSay3DNhZSoSTwY=","bFs3+5MTskZog0TrhE5PPhn2FTNzOxK1nuB+lg+UDZM=","n+z7h9JA2mF09ADlK84/wnqQnmYKlF0rwfTsGWapcVE=","6vu9nnjSvZ+8lihuU3CumH1Rr5VtTs1yNeutJqrdoz0=","1dTAd73gpYNJ8gVBpd0/01TbNT927lTHp/ud8BMIsGk=","Woh0sUMj11N9ZmFDk+wD8x3acevozuukxgf3fqI9AN4=","AeS+4spvJCAYc8X+ji8QiNbAtf6RgVVAn8R9vyqGSYU=","dN5DFe/djNci8mCq4u8BmqbxCFWy29befqkXnCAK5WI=","5fKeb68jRrKdh0kNvtGD7jdb++Nv6fAc6eiTOrcqtT4=","wTw5S7BqWljSMTS9ZXZqVFciM/P+e6OFo58t57jv94I=","5NIaGaSoc/dKjP6269FLVocgGt+z9lzHiiplpNLYofI=","I87TL6zVWDdu8kq5qUTKej99jLEXFHap3RobeiNQ/3k=","sXTP6TwCm5yuAq0sLxn6vWwU2hUyLhBjCeozhC6hU4w=","NjJymiAAR5+yavp2i8p1iHiINdyfVTREXK0HNgXsB9k=","Qn/YL0p6L1wHvTNKnjLGWNgfh6VCFt15i1IGJ3XdVQ4=","zsM1SB0ENC31LHzWi7UmS0HfdNl4XYvDrnQIrrPlVNQ=","5I80oCAD+V8fMfc/G/iPXI8XkM3WawTCVGObZGKQB9c=","euGmRvTtdIqIwN+X0cc1uSVHFmli9MPVPattLrwTz+I=","jzXeiKzIFm8SEI8QRQh4XyNrWOhFqLph543rtCPGS/o=","he/Dzvbzrhp5+WoihcYgnBMDiQa8E+uad14+WOo1x9o=","/KT0vhoGT2maL7IaXDA+0rRLH+8m4oiuvN4ElSNXyJs=","grbdO96Mz+UM8D1SMwkeiymMAC46o+Y/0/SDoM3OdEk=","VhLsu5vhRBs7KOHPhJtZu4vJQ8+GXFj/eVC4VqeKvro=","h7aFm6/p7kF5+gnsuofKonbziaDB6d9G7udMWeizMnA=","U9OixCPxpqeaAucNIDRf/tNO0MJaO+TInQWZPbazo6Q=","/i5JEQhuDT3YnVUpDP9RJfHHYiG5AB8QLJM11f7adzw=","87lqG+Cm2i0757W09TDM3GHMk+PVpRNUd73TTn6SCRY=","Hgrqf1vXOXakOBJMyxkAMac6sHx7Vu4OloDJciF2+6Y=","JunXyUkpjDXFc3b5bOXvfEIOZpT/8IdEnbxDQao00to=","3O9i64r5++U5NhAeptIWuTYvpH0M5recZbgK84aTALE=","ZoWIctD+10ILJ73NlQsLV7mwcAJ4+1kTi9c1MFOeV5k=","bpcoxE9m6AmzPZAsXQEwcBoywOeuhsi3kPjj01l9/Dk=","wvk3kqnCPovxAxX1bYrVRNgaUCiGLaskWbV0e0R8+Gk=","6CHK1SRN12TERl+C7p2cCr+tt+YIhL6MmK4qxd3W5fE=","P4Abibc2vlj2sDdqAuTD9NO1UXLbS2RADNAvCSgvyWw=","Q/eRa9tFf1eIoV/6dGWunnAKvmQ2tdcMvCpG6XFVqg0=","+otqCBDuTgUkBtfKyvR/T6zGna+YKhjR2/XMBRy0cqs="],"block_size":4096,"path":"vendor/moment.js/moment-with-locales.min.js"},{"block_hashes":["mrH3nkhkcnnu7FGMHPn2x6lRvR3HgmCsV9PJmRm3XGs=","sUz1x4CJYWLHqYuptxuDWDjwOF7TAG5GDBWEWF63ttE=","OR9x7fSpAn1sePdBRGzyFPe/fMxFSJmw88gqw2u7x8A=","8PiUG/a5AZVtJLtlWnqejHOlKPisPmRvF3AYMQlwzcI=","EYXX0lyWi/RhQVsE8UYSQpEvsPNEM7F1U2vhJz7o7JU="],"block_size":4096,"path":"vendor/sjcl/sjcl.js"}],"version":2}